Publisher;SoftwareName;SubName1;SubName2;PreferredExtension;Arch;UpdateOption;SourceType;SourceRef;ManifestSubPath;AssetPattern;ManualVersionRequired;Notes
7zip;7zip;;;.msi;x64;API;Winget;7zip.7zip;;;
AMD;Adrenalin;;;.exe;x64;LOCAL;Local;AMD Software: Adrenalin Edition;;;False;https://www.amd.com/de/support/downloads/drivers.html/processors/ryzen/ryzen-7000-series/amd-ryzen-5-7535u.html
Chocolatey;Chocolatey;;;.nupkg;x64;WEB;DirectUrl;https://community.chocolatey.org/api/v2/package/chocolatey;;;
Chocolatey;ChocolateyGUI;;;.msi;x64;API;GitHubRelease;chocolatey/ChocolateyGUI;;.*\.msi$;
Google;Chrome;;;.msi;x64;API;Winget;Google.Chrome;;;
Intel;IntelManagementEngine;;;.exe;x64;LOCAL;Local;Intel(R) Management Engine Components;;;False;https://www.intel.com/content/www/us/en/download/682431/intel-management-engine-drivers-for-windows-10-and-windows-11.html?wapkw=management%20engine
Intel;IntelMemoryAndStorageCLITool;;;.exe;x64;LOCAL;Local;Intel(R) Memory and Storage Tool;;;False;https://www.intel.com/content/www/us/en/download/19520/intel-memory-and-storage-tool-cli-command-line-interface.html?wapkw=vroc%20cli
nVidia;AppEnterprise;;;.exe;x64;LOCAL;Local;NVIDIA App;;;False;https://www.nvidia.com/de-de/software/nvidia-app-enterprise/
VMware;VMwareTools;;;.exe;x64;WEB;WebDirectory;https://packages.vmware.com/tools/esx/latest/windows/x64/;;.*\.exe$;


